{
  "run": {
    "ops": 3587585.508502737,
    "ms": 0.00027873900082101336
  }
}