{
  "cold": {
    "ops": 24.1675617618046,
    "ms": 41.37777777733626
  },
  "hot": {
    "ops": 89.93005440332192,
    "ms": 11.119753086272581
  }
}