{
  "cold": {
    "ops": 22.83684344052082,
    "ms": 43.7888888893304
  },
  "hot": {
    "ops": 219.55186121917487,
    "ms": 4.554732510337123
  }
}